threshold,precision_malignant,recall_malignant,f1_malignant,accuracy
0.05,0.48484848484848486,1.0,0.6530612244897959,0.48484848484848486
0.06,0.48484848484848486,1.0,0.6530612244897959,0.48484848484848486
0.07,0.48484848484848486,1.0,0.6530612244897959,0.48484848484848486
0.08,0.48484848484848486,1.0,0.6530612244897959,0.48484848484848486
0.09,0.48484848484848486,1.0,0.6530612244897959,0.48484848484848486
0.1,0.48484848484848486,1.0,0.6530612244897959,0.48484848484848486
0.11,0.48484848484848486,1.0,0.6530612244897959,0.48484848484848486
0.12,0.48484848484848486,1.0,0.6530612244897959,0.48484848484848486
0.13,0.4873096446700508,1.0,0.6552901023890785,0.4898989898989899
0.14,0.4873096446700508,1.0,0.6552901023890785,0.4898989898989899
0.15,0.4873096446700508,1.0,0.6552901023890785,0.4898989898989899
0.16,0.4873096446700508,1.0,0.6552901023890785,0.4898989898989899
0.17,0.4873096446700508,1.0,0.6552901023890785,0.4898989898989899
0.18,0.4873096446700508,1.0,0.6552901023890785,0.4898989898989899
0.19,0.4897959183673469,1.0,0.6575342465753424,0.494949494949495
0.2,0.4897959183673469,1.0,0.6575342465753424,0.494949494949495
0.21,0.5,1.0,0.6666666666666666,0.5151515151515151
0.22,0.5,1.0,0.6666666666666666,0.5151515151515151
0.23,0.5,1.0,0.6666666666666666,0.5151515151515151
0.24,0.5,1.0,0.6666666666666666,0.5151515151515151
0.25,0.5,1.0,0.6666666666666666,0.5151515151515151
0.26,0.5,1.0,0.6666666666666666,0.5151515151515151
0.27,0.5,0.9895833333333334,0.6643356643356644,0.5151515151515151
0.28,0.5080213903743316,0.9895833333333334,0.6713780918727915,0.5303030303030303
0.29,0.510752688172043,0.9895833333333334,0.6737588652482269,0.5353535353535354
0.3,0.5163043478260869,0.9895833333333334,0.6785714285714286,0.5454545454545454
0.31,0.521978021978022,0.9895833333333334,0.6834532374100719,0.5555555555555556
0.32,0.536723163841808,0.9895833333333334,0.6959706959706959,0.5808080808080808
0.33,0.5470588235294118,0.96875,0.6992481203007519,0.5959595959595959
0.34,0.558282208588957,0.9479166666666666,0.7027027027027027,0.6111111111111112
0.35,0.56875,0.9479166666666666,0.7109375,0.6262626262626263
0.36,0.5759493670886076,0.9479166666666666,0.7165354330708661,0.6363636363636364
0.37,0.5844155844155844,0.9375,0.72,0.6464646464646465
0.38,0.5827814569536424,0.9166666666666666,0.7125506072874493,0.6414141414141414
0.39,0.5986394557823129,0.9166666666666666,0.7242798353909465,0.6616161616161617
0.4,0.6111111111111112,0.9166666666666666,0.7333333333333333,0.6767676767676768
0.41,0.6397058823529411,0.90625,0.75,0.7070707070707071
0.42,0.6771653543307087,0.8958333333333334,0.7713004484304933,0.7424242424242424
0.43,0.6829268292682927,0.875,0.7671232876712328,0.7424242424242424
0.44,0.7155172413793104,0.8645833333333334,0.7830188679245284,0.7676767676767676
0.45,0.7387387387387387,0.8541666666666666,0.7922705314009661,0.7828282828282829
0.46,0.7407407407407407,0.8333333333333334,0.7843137254901961,0.7777777777777778
0.47,0.7407407407407407,0.8333333333333334,0.7843137254901961,0.7777777777777778
0.48,0.7452830188679245,0.8229166666666666,0.7821782178217822,0.7777777777777778
0.49,0.7474747474747475,0.7708333333333334,0.7589743589743589,0.7626262626262627
0.5,0.7553191489361702,0.7395833333333334,0.7473684210526316,0.7575757575757576
0.51,0.7692307692307693,0.7291666666666666,0.7486631016042781,0.7626262626262627
0.52,0.8023255813953488,0.71875,0.7582417582417582,0.7777777777777778
0.53,0.8125,0.6770833333333334,0.7386363636363636,0.7676767676767676
0.54,0.8157894736842105,0.6458333333333334,0.7209302325581395,0.7575757575757576
0.55,0.8309859154929577,0.6145833333333334,0.7065868263473054,0.7525252525252525
0.56,0.8382352941176471,0.59375,0.6951219512195121,0.7474747474747475
0.57,0.8307692307692308,0.5625,0.6708074534161491,0.7323232323232324
0.58,0.8360655737704918,0.53125,0.6496815286624203,0.7222222222222222
0.59,0.8275862068965517,0.5,0.6233766233766234,0.7070707070707071
0.6,0.8545454545454545,0.4895833333333333,0.6225165562913907,0.7121212121212122
0.61,0.8518518518518519,0.4791666666666667,0.6133333333333333,0.7070707070707071
0.62,0.8490566037735849,0.46875,0.6040268456375839,0.702020202020202
0.63,0.8695652173913043,0.4166666666666667,0.5633802816901409,0.6868686868686869
0.64,0.8717948717948718,0.3541666666666667,0.5037037037037037,0.6616161616161617
0.65,0.8888888888888888,0.3333333333333333,0.48484848484848486,0.6565656565656566
0.66,0.8823529411764706,0.3125,0.46153846153846156,0.6464646464646465
0.67,0.875,0.2916666666666667,0.4375,0.6363636363636364
0.68,0.8928571428571429,0.2604166666666667,0.4032258064516129,0.6262626262626263
0.69,0.88,0.22916666666666666,0.36363636363636365,0.6111111111111112
0.7,0.8695652173913043,0.20833333333333334,0.33613445378151263,0.601010101010101
0.71,0.8636363636363636,0.19791666666666666,0.3220338983050847,0.5959595959595959
0.72,0.8571428571428571,0.1875,0.3076923076923077,0.5909090909090909
0.73,0.8421052631578947,0.16666666666666666,0.2782608695652174,0.5808080808080808
0.74,0.8421052631578947,0.16666666666666666,0.2782608695652174,0.5808080808080808
0.75,0.8421052631578947,0.16666666666666666,0.2782608695652174,0.5808080808080808
0.76,0.8333333333333334,0.15625,0.2631578947368421,0.5757575757575758
0.77,0.8571428571428571,0.125,0.21818181818181817,0.5656565656565656
0.78,0.8461538461538461,0.11458333333333333,0.2018348623853211,0.5606060606060606
0.79,0.9166666666666666,0.11458333333333333,0.2037037037037037,0.5656565656565656
0.8,0.9,0.09375,0.16981132075471697,0.5555555555555556
0.81,1.0,0.08333333333333333,0.15384615384615385,0.5555555555555556
0.82,1.0,0.07291666666666667,0.13592233009708737,0.5505050505050505
0.83,1.0,0.0625,0.11764705882352941,0.5454545454545454
0.84,1.0,0.041666666666666664,0.08,0.5353535353535354
0.85,1.0,0.03125,0.06060606060606061,0.5303030303030303
0.86,1.0,0.020833333333333332,0.04081632653061224,0.5252525252525253
0.87,1.0,0.020833333333333332,0.04081632653061224,0.5252525252525253
0.88,1.0,0.020833333333333332,0.04081632653061224,0.5252525252525253
0.89,1.0,0.020833333333333332,0.04081632653061224,0.5252525252525253
0.9,1.0,0.020833333333333332,0.04081632653061224,0.5252525252525253
0.91,1.0,0.020833333333333332,0.04081632653061224,0.5252525252525253
0.92,1.0,0.020833333333333332,0.04081632653061224,0.5252525252525253
0.93,1.0,0.020833333333333332,0.04081632653061224,0.5252525252525253
0.94,1.0,0.010416666666666666,0.020618556701030927,0.5202020202020202
0.95,0.0,0.0,0.0,0.5151515151515151
